,Q1,Q2,Q3,Q4,Q5,Q6,Q7,Q8_1,Q8_2,Q8_3,Q8_4,Q8_5,Q8_6,Q8_7,Q8_8,Q8_9,Q8_10,Q8_11,Q12,Q13,Q14,Q15,Q18,Q19,Latitude,Longitude
6500,28,2,1,6,3,2,1,0,1,0,1,0,0,0,0,0,0,0,1,3,1,6,1,1,-3.86805464,32.61062791
6501,45,1,1,3,1,2,2,0,1,0,0,0,0,0,0,0,0,0,2,-1,2,-1,1,4,-7.83666525,35.6421861
6502,27,2,2,2,5,2,1,0,1,0,0,0,0,0,0,0,0,0,2,-1,2,-1,4,4,-2.9354875,33.37015924
6503,41,2,1,3,3,2,1,0,1,0,0,0,0,0,0,0,0,0,2,-1,2,-1,1,4,-5.85975787,35.70038843
6504,47,1,1,3,1,2,1,0,1,0,0,0,0,0,0,0,0,0,1,3,1,3,1,1,-8.28823701,35.306618799999995
6505,49,1,1,2,1,1,1,0,1,1,0,0,0,0,0,0,0,0,1,3,1,2,2,4,-3.01108488,37.58824523
6506,45,2,1,3,2,2,1,0,1,0,1,0,0,0,0,0,0,0,1,5,1,5,1,1,-3.26175903,37.61461674
6507,28,1,1,3,4,2,1,0,1,0,0,0,0,0,0,0,0,0,1,5,1,2,1,1,-8.25228426,31.98870083
6508,23,2,1,3,4,2,2,0,0,0,0,0,0,0,0,1,0,0,2,-1,2,-1,1,4,-2.02480815,33.4646476
6509,30,2,3,3,4,2,1,0,1,0,1,0,0,0,0,0,0,0,1,4,1,2,1,2,-8.63571622,31.42947205
6510,40,2,2,3,5,2,1,0,0,0,1,0,0,0,0,0,0,0,2,-1,1,6,1,4,-7.93983751,31.62876036
6511,30,2,1,1,2,2,2,0,1,0,0,0,0,0,0,0,0,0,1,3,2,-1,4,4,-5.24926912,32.34448864
6512,19,2,4,2,5,2,2,0,0,0,0,0,0,0,0,1,0,0,2,-1,2,-1,4,4,-3.56769218,33.40044797
6513,38,1,1,3,1,1,1,0,1,0,0,0,0,0,0,0,0,0,1,6,1,5,1,4,-8.88444529,33.29784381
6514,80,2,1,1,1,2,2,0,1,0,0,0,0,0,0,1,0,0,2,-1,2,-1,4,4,-6.12871239,34.87116406
6515,30,2,1,1,3,2,2,0,0,0,1,0,0,0,0,0,0,0,2,-1,2,-1,4,4,-4.76074155,34.58158624
6516,25,1,1,3,3,2,1,0,1,0,1,0,0,0,0,0,0,0,1,4,2,-1,1,4,-6.130193299999999,39.30446599
6517,45,2,1,1,1,2,2,0,1,0,0,0,0,0,0,0,0,0,2,-1,2,-1,4,4,-3.38298344,35.89329509
6518,43,2,1,1,1,2,2,0,1,0,0,0,0,0,0,0,0,0,2,-1,2,-1,4,4,-2.01312664,33.94621305
6519,30,2,1,7,4,1,1,1,0,0,0,0,0,0,0,0,0,0,1,2,1,4,1,1,-10.27276135,40.16628493
6520,23,2,1,5,5,1,1,0,0,0,1,0,0,0,0,0,0,0,2,-1,2,-1,1,1,-6.08995523,39.42256592
6521,20,2,1,2,5,2,2,0,1,1,0,0,0,0,0,0,0,0,2,-1,2,-1,4,4,-7.31150093,30.63266182
6522,36,1,1,2,1,1,1,0,1,1,1,0,0,0,0,0,0,0,1,5,2,-1,1,4,-4.77653641,34.9168096
6523,38,1,1,5,4,2,1,0,0,0,1,0,0,0,0,0,0,0,2,-1,2,-1,1,1,-6.17547293,39.2417174
6524,31,2,2,1,3,2,1,0,0,0,1,0,0,0,0,0,0,0,2,-1,2,-1,4,4,-6.17498197,36.02795031
6525,26,2,4,3,4,2,1,1,0,0,0,0,0,0,0,0,0,0,1,2,1,2,1,4,-6.84964252,39.22537794
6526,33,2,2,1,5,2,2,0,1,0,0,0,0,0,0,0,0,0,2,-1,2,-1,1,4,-6.09084525,39.42380952
6527,24,2,1,3,1,2,1,0,1,0,0,0,0,0,0,0,0,0,2,-1,1,3,1,4,-8.36394641,32.29697138
6528,48,2,3,1,1,2,2,0,1,0,0,0,0,0,0,0,0,0,2,-1,2,-1,4,4,-3.78750643,30.4985838
6529,25,1,1,3,4,2,2,0,0,0,1,0,0,0,0,0,0,0,2,-1,2,-1,1,4,-2.87900179,37.36983227
6530,29,2,1,1,2,2,2,0,1,0,0,0,0,0,0,1,0,0,2,-1,2,-1,4,4,-4.78560634,34.204880200000005
6531,37,1,1,7,5,2,1,1,0,0,0,0,0,0,0,0,0,0,1,2,2,-1,1,1,-2.74979726,33.22724007
6532,59,1,1,3,1,2,1,0,1,0,0,0,0,0,0,0,0,0,2,-1,2,-1,1,4,-1.1772572000000001,31.42915722
6533,44,1,1,1,1,2,2,0,1,0,1,0,0,0,0,0,0,0,2,-1,2,-1,4,4,-5.55283151,37.33963723
6534,23,2,1,2,3,2,2,0,1,0,0,0,0,0,0,1,0,0,2,-1,1,5,4,4,-2.74620847,31.39650917
6535,69,2,3,3,1,2,1,0,1,0,0,0,0,0,0,1,0,0,2,-1,2,-1,2,4,-1.25036394,31.66254876
6536,70,2,3,1,3,2,2,0,1,0,0,0,0,0,0,1,0,0,2,-1,2,-1,4,4,-9.67283403,39.107267799999995
6537,60,2,2,2,1,2,2,0,1,0,0,0,0,0,0,0,0,0,2,-1,2,-1,1,4,-10.40647261,39.16782423
6538,16,2,4,5,3,2,2,0,0,0,0,0,0,0,0,1,0,0,2,-1,2,-1,1,1,-5.26313482,39.78392176
6539,55,1,1,3,1,2,1,0,1,0,0,0,0,0,0,0,0,0,2,-1,2,-1,1,4,-11.0964683,39.30595268
6540,32,1,1,3,1,1,1,0,1,0,0,0,0,0,0,0,0,0,2,-1,2,-1,1,4,-4.38145557,35.47643271
6541,46,2,1,6,3,2,1,0,1,0,1,0,0,0,0,0,0,0,1,3,1,3,1,2,-4.90466567,35.779883700000006
6542,35,1,1,3,1,2,1,0,1,0,0,0,0,0,0,0,0,0,2,-1,1,2,1,1,-2.75351389,31.65520931
6543,47,1,1,3,4,1,1,0,1,0,0,0,0,0,0,0,0,0,1,3,1,3,1,4,-5.8825096,36.44692536
6544,32,2,1,3,1,2,1,0,1,1,0,0,0,0,0,1,0,0,2,-1,1,3,1,4,-8.82168694,36.25208906
6545,61,1,1,1,1,1,2,0,1,0,0,0,0,0,0,0,0,0,2,-1,2,-1,1,2,-7.74596051,35.86874264
6546,59,1,1,7,3,1,1,0,0,0,0,1,0,1,0,0,0,0,1,4,1,5,1,1,-4.83230477,34.74974247
6547,32,2,3,3,1,1,1,0,1,0,0,0,0,0,0,0,0,0,2,-1,2,-1,1,2,-8.69501748,34.3732124
6548,43,2,1,3,2,2,1,0,1,0,0,0,0,0,0,0,0,0,1,4,1,2,1,2,-3.48378319,37.55115351
6549,25,2,1,6,4,2,1,0,1,0,0,0,0,0,0,0,0,0,1,3,1,3,1,1,-5.17260966,38.46644531
6550,62,1,1,1,1,1,1,0,1,0,0,0,0,0,0,0,0,0,2,-1,2,-1,4,4,-10.91824445,38.003309200000004
6551,28,2,1,3,5,2,2,0,0,0,1,0,0,0,0,0,0,0,2,-1,2,-1,1,4,-3.00186151,31.947027000000002
6552,68,2,3,2,1,2,1,0,1,0,0,0,0,0,1,1,0,0,2,-1,1,3,2,4,-5.16585472,38.41788654
6553,30,2,1,6,3,2,1,0,0,0,1,0,0,0,0,0,0,0,2,-1,2,-1,1,1,-6.14702965,39.51662481
6554,35,1,1,3,1,2,1,0,1,0,1,0,0,0,0,0,0,0,2,-1,2,-1,5,5,-2.88672691,31.73335963
6555,43,1,1,3,1,2,1,0,1,0,1,0,0,0,0,0,0,0,1,6,1,6,1,1,-10.406648800000001,39.16551325
6556,32,1,1,5,2,2,1,0,1,0,0,0,0,0,0,0,0,0,1,2,1,1,1,4,-6.14962991,35.89436971
6557,45,1,1,3,2,1,1,0,1,0,1,0,0,0,0,0,0,0,1,6,1,6,1,4,-3.6928412000000006,37.42718204
6558,32,2,3,3,4,2,1,0,0,0,1,0,0,0,0,0,0,0,1,2,1,4,1,4,-2.84393893,33.08186256
6559,20,2,4,6,3,2,1,0,0,0,0,0,0,0,0,1,0,0,1,6,1,3,1,1,-3.39476561,36.73901497
6560,40,2,1,3,1,2,1,0,1,0,1,0,0,0,0,0,0,0,1,3,2,-1,1,4,-10.95205531,39.3416912
6561,73,2,1,3,2,2,1,0,0,0,0,0,0,0,0,1,0,0,2,-1,1,3,1,4,-3.35198283,37.46121107
6562,22,2,3,3,1,1,2,0,0,0,1,0,0,0,0,0,0,0,2,-1,2,-1,1,5,-7.776664200000001,31.101787899999994
6563,50,2,1,2,1,1,1,0,0,0,1,0,0,0,0,0,0,0,2,-1,2,-1,4,4,-8.82054798,34.66540786
6564,79,1,1,1,1,2,2,0,1,0,0,0,0,0,0,0,0,0,2,-1,2,-1,4,4,-10.87319675,39.42337761
6565,25,2,1,3,2,2,1,0,0,0,0,0,0,0,0,1,0,0,1,6,1,4,1,4,-7.83756628,38.34421184
6566,27,2,1,6,4,2,1,0,0,0,1,0,0,0,0,1,0,0,2,-1,1,4,1,1,-5.69417479,34.49576269
6567,34,2,1,3,1,2,2,0,1,0,1,0,0,0,0,0,0,0,2,-1,1,5,1,4,-7.566053299999999,36.10992632
6568,68,2,1,2,2,2,1,0,0,0,0,0,0,0,0,1,0,0,2,-1,1,2,1,4,-4.07366102,37.9881045
6569,18,1,4,3,3,2,1,0,1,0,1,0,0,0,0,0,0,0,2,-1,2,-1,1,4,-9.86025948,38.8942936
6570,20,1,1,3,3,2,1,0,0,0,0,0,0,0,0,1,0,0,1,4,1,3,1,4,-5.17157206,38.42468962
6571,22,1,4,6,2,2,1,0,1,0,0,0,0,0,0,0,0,0,2,-1,2,-1,1,5,-8.84760526,34.82362885
6572,80,1,1,1,1,2,2,0,1,0,0,0,0,0,0,0,0,0,2,-1,2,-1,4,4,-8.28857161,35.30658187
6573,48,1,1,3,4,1,2,0,1,0,1,0,0,0,0,0,0,0,2,-1,2,-1,1,4,-6.1599699999999995,35.64130668
6574,21,2,1,3,5,2,2,0,0,0,0,0,0,0,0,0,1,0,2,-1,1,2,1,4,-4.65912609,38.46896319
6575,45,2,1,3,1,2,2,0,1,0,1,0,0,0,0,1,0,0,2,-1,2,-1,4,4,-5.86043522,35.69588012
6576,36,2,1,2,3,2,2,0,1,0,0,0,0,0,0,0,0,0,2,-1,2,-1,4,4,-7.10885525,31.16816046
6577,23,1,4,3,5,2,1,0,1,0,0,0,0,0,0,0,0,0,1,6,1,6,1,4,-2.54833843,32.98166667
6578,57,2,1,3,3,2,1,0,1,0,0,0,0,0,0,0,0,0,1,3,2,-1,1,4,-1.4651385000000001,31.73876656
6579,23,1,1,3,4,2,2,0,1,0,0,0,0,0,0,0,0,0,1,3,2,-1,1,1,-7.8728308,30.7968403
6580,34,2,1,3,1,2,1,0,0,0,1,0,0,0,0,0,0,0,1,2,1,3,1,4,-1.50669966,33.78681041
6581,45,1,1,1,1,2,2,0,1,0,1,0,0,0,0,0,0,0,2,-1,2,-1,4,4,-8.17208564,36.33537337
6582,27,2,1,3,3,2,2,0,0,0,0,0,0,0,0,1,0,0,2,-1,2,-1,1,4,-6.24873504,30.96951029
6583,18,1,4,6,3,2,1,0,0,0,1,0,0,0,0,0,0,0,1,6,2,-1,1,1,-3.35286143,37.46077484
6584,67,2,3,6,5,2,1,0,0,0,0,0,0,0,0,1,0,0,2,-1,1,2,1,1,-6.17014219,39.19847468
6585,40,1,4,2,3,2,2,0,1,0,0,0,0,0,0,0,0,0,2,-1,2,-1,4,4,-2.93696752,33.37154478
6586,49,2,1,3,3,2,1,0,1,0,0,0,0,0,0,0,0,0,2,-1,1,6,1,2,-4.61440069,34.579708399999994
6587,25,2,1,3,5,2,2,0,1,0,0,0,0,0,0,0,0,0,2,-1,2,-1,1,1,-3.55528485,33.89024842
6588,28,2,2,6,4,1,1,1,0,1,0,1,0,0,0,0,0,0,1,2,1,1,1,2,-8.2816728,35.31059165
6589,70,2,1,1,2,2,1,0,1,0,0,0,0,0,0,0,0,0,2,-1,2,-1,4,4,-3.27282716,37.51015866
6590,54,2,2,3,1,2,2,0,1,0,0,0,0,0,0,0,0,0,2,-1,2,-1,1,4,-9.49120159,33.27275014
6591,37,2,1,3,1,1,1,0,1,0,0,0,0,0,0,0,0,0,1,3,2,-1,1,4,-3.42608775,30.73333956
6592,31,1,2,2,3,2,1,0,0,0,1,0,0,0,0,0,0,0,2,-1,2,-1,1,1,-3.63047162,33.37909132
6593,24,2,1,6,5,2,2,0,0,0,0,0,0,0,0,1,0,0,1,3,1,1,1,1,-3.37240215,36.65839553
6594,34,1,1,2,5,2,1,0,1,0,0,0,0,0,0,0,0,0,1,1,1,5,1,4,-7.95428471,31.60731989
6595,20,1,4,3,3,1,1,1,0,0,0,0,0,0,0,0,0,0,1,2,2,-1,1,1,-6.85178518,39.1483321
6596,38,1,1,3,1,2,2,0,1,0,1,0,0,0,0,0,0,0,2,-1,1,6,1,2,-3.08366641,32.08765173
6597,52,1,1,3,1,2,2,0,1,0,0,0,0,0,0,0,0,0,2,-1,2,-1,1,1,-2.55349071,30.60916448
6598,33,1,1,3,1,2,1,0,1,0,0,0,0,0,0,0,0,0,2,-1,2,-1,1,4,-3.15980517,35.96647424
6599,21,2,1,6,5,2,2,0,0,0,0,0,0,0,0,1,0,0,1,6,1,6,1,1,-6.76701394,39.11728349
6600,37,1,1,3,3,1,1,0,1,1,0,0,0,0,0,0,0,0,1,3,1,3,1,1,-9.33261098,34.76801939999999
6601,18,1,4,5,4,2,1,0,0,0,0,0,0,0,0,1,0,0,2,-1,1,2,1,1,-4.10183215,32.40756141
6602,36,1,2,3,4,2,1,0,0,0,1,0,0,0,0,0,0,0,2,-1,2,-1,1,4,-7.502611999999999,31.041441100000004
6603,79,2,3,1,5,2,2,0,0,0,0,0,0,0,1,1,0,0,2,-1,2,-1,4,4,-6.41451353,35.10315111
6604,34,2,1,3,1,2,2,0,1,0,0,0,0,0,0,0,0,0,2,-1,2,-1,1,4,-9.25052325,32.83736481
6605,39,2,2,5,3,2,1,0,1,0,0,0,0,0,0,1,0,0,1,3,1,3,1,1,-8.77521553,33.644661799999994
6606,58,1,1,2,1,2,2,0,0,0,1,0,0,0,0,0,0,0,2,-1,1,5,4,4,-10.20346954,38.84119895
6607,25,1,1,3,3,2,1,0,1,0,0,0,0,0,0,0,0,0,1,5,2,-1,4,4,-1.39735358,34.40317769
6608,36,1,2,6,1,2,1,0,1,0,1,0,0,0,0,0,0,0,2,-1,2,-1,1,1,-1.75011513,31.61644728
6609,65,1,1,2,1,2,2,0,1,0,0,0,0,0,0,0,0,0,2,-1,2,-1,1,4,-2.74470867,31.38933329
6610,21,1,4,2,4,2,2,0,0,0,1,0,0,0,0,0,0,0,2,-1,2,-1,1,4,-4.88714863,29.64225721
6611,35,2,1,3,1,2,2,0,1,1,0,0,0,0,0,1,0,0,2,-1,2,-1,1,4,-5.897404,35.21050014
6612,20,2,4,1,3,2,2,0,0,0,1,0,0,0,0,0,0,0,2,-1,2,-1,4,4,-4.98400564,39.83413979
6613,32,2,1,3,3,2,2,0,1,0,0,0,0,0,0,0,0,0,2,-1,2,-1,1,4,-8.63584162,31.42901781
6614,25,1,4,6,3,2,1,0,1,0,1,0,0,0,0,0,0,0,2,-1,2,-1,1,4,-4.90995136,29.661905400000002
6615,24,1,1,3,4,2,1,0,1,0,1,0,0,0,0,0,0,0,1,3,1,3,1,4,-3.34932541,36.66333801
6616,68,1,1,3,1,2,2,0,1,0,0,0,0,0,0,0,0,0,2,-1,2,-1,1,4,-8.97881681,36.75957218
6617,21,2,1,3,1,2,2,0,1,0,0,0,0,0,0,0,0,0,2,-1,2,-1,1,4,-3.56648076,36.97996665
6618,28,2,1,1,4,2,2,0,0,0,1,0,0,0,0,0,0,0,2,-1,2,-1,4,4,-5.61859656,32.74557887
6619,26,2,1,6,4,1,1,0,1,0,1,0,0,0,0,0,0,0,1,5,2,-1,1,1,-4.79182683,38.28776364
6620,57,2,2,3,4,2,1,0,0,1,0,0,0,0,0,0,0,0,2,-1,1,3,1,4,-5.03713154,38.880988099999996
6621,30,1,1,6,1,2,1,0,1,0,0,0,0,0,0,0,0,0,1,3,1,4,1,1,-5.23641722,39.77871526
6622,35,2,1,3,1,1,1,0,1,0,0,0,0,0,0,0,0,0,2,-1,2,-1,1,4,-9.4935879,34.65338232
6623,49,1,1,2,1,1,2,0,1,0,0,0,0,0,0,0,0,0,2,-1,2,-1,4,4,-3.02796808,33.25222903
6624,17,2,4,6,5,2,1,0,0,0,0,0,0,0,0,0,1,0,2,-1,2,-1,1,1,-9.35884419,34.76375252
6625,75,1,1,1,1,2,2,0,0,0,1,0,0,0,0,0,0,0,2,-1,2,-1,4,4,-3.82214992,32.23209174
6626,86,1,1,1,1,2,1,0,1,0,0,0,0,0,0,1,0,0,2,-1,2,-1,1,4,-3.8067747000000005,32.23027721
6627,60,2,1,1,2,2,1,0,1,0,0,0,0,0,0,0,0,0,2,-1,2,-1,4,4,-10.7177846,39.99174984
6628,34,2,2,2,3,2,1,0,1,0,0,0,0,0,0,0,0,0,2,-1,2,-1,4,4,-2.86985388,33.28631926
6629,16,2,4,3,3,2,2,0,0,0,1,0,0,0,0,0,0,0,2,-1,2,-1,1,4,-7.24440185,37.73439041
6630,23,2,1,3,3,2,2,0,1,0,0,0,0,0,0,0,0,0,2,-1,2,-1,4,4,-2.6292771,33.94209059
6631,63,1,1,6,5,2,1,1,0,0,0,0,0,0,0,0,0,0,2,-1,2,-1,1,1,-6.16326276,39.19145914
6632,35,1,1,2,1,2,1,0,1,0,0,0,0,0,0,0,0,0,2,-1,1,6,4,4,-3.65721414,32.22538548
6633,43,1,1,3,5,2,1,0,1,0,0,0,0,0,0,0,0,0,2,-1,2,-1,1,1,-3.82188578,33.30948675
6634,71,2,3,1,1,2,2,0,1,0,0,0,0,0,0,0,0,0,2,-1,2,-1,4,4,-8.9566732,33.93566821
6635,26,2,1,3,1,2,1,0,0,0,0,0,0,0,0,0,1,0,2,-1,2,-1,1,4,-7.21067717,38.79397973
6636,27,2,1,5,4,1,1,0,1,0,0,0,0,0,0,0,0,0,2,-1,2,-1,1,1,-6.2093758,39.21834819
6637,18,1,1,2,1,2,2,0,1,0,0,0,0,0,0,0,0,0,2,-1,2,-1,4,4,-2.28799101,32.26857776
6638,27,2,1,3,3,2,1,0,1,0,0,0,0,0,0,1,0,0,1,4,2,-1,1,4,-6.17495003,37.6077193
6639,32,1,1,3,4,2,1,0,1,0,1,0,0,0,0,0,0,0,1,2,1,2,1,4,-8.28856394,35.30656918
6640,27,1,4,6,1,2,1,0,0,1,0,0,0,0,0,0,0,0,1,1,1,5,1,1,-6.19975556,39.2550942
6641,20,1,1,3,1,2,1,0,1,0,0,0,0,0,0,0,0,0,2,-1,2,-1,1,4,-3.68121627,30.59018605
6642,17,2,4,5,5,2,2,0,0,0,0,0,0,0,0,0,1,0,2,-1,2,-1,1,1,-6.86912059,39.27618515
6643,65,2,2,3,1,2,1,0,1,0,0,0,0,0,0,0,0,0,2,-1,1,2,1,4,-1.84265156,31.14238357
6644,28,1,1,5,5,2,1,0,0,0,1,0,0,0,0,0,0,0,1,3,1,6,1,2,-2.66426255,32.63870491
6645,25,2,1,3,5,2,1,0,0,0,0,0,0,0,0,1,0,0,2,-1,1,3,1,4,-7.21534003,38.79223193
6646,28,2,1,3,1,2,2,0,0,0,0,0,0,0,0,0,1,0,2,-1,2,-1,4,4,-8.65480639,35.12939152
6647,25,2,1,1,1,2,2,0,1,0,0,0,0,0,0,0,0,0,1,6,2,-1,4,4,-3.52421856,32.06515844
6648,42,2,3,5,1,2,1,0,0,1,0,0,0,0,0,0,0,0,1,4,2,-1,1,4,-5.24625773,39.78150609
6649,50,1,1,3,3,2,2,0,1,0,0,0,0,0,0,0,0,0,2,-1,1,3,1,4,-4.48264868,30.16178093
6650,79,1,3,1,1,2,2,0,1,0,1,0,0,0,0,0,0,0,2,-1,2,-1,4,4,-7.99992459,35.84730029
6651,48,2,1,3,3,2,2,0,1,0,0,0,0,0,0,0,0,0,1,5,2,-1,1,4,-10.20449568,38.84249233
6652,25,2,1,3,1,2,2,0,1,0,0,0,0,0,0,0,0,0,2,-1,2,-1,1,4,-3.08167728,32.08313842
6653,50,2,1,3,1,2,1,0,0,0,1,0,0,0,0,0,0,0,1,3,1,3,1,4,-7.90934289,39.67032259
6654,48,2,3,2,5,2,2,0,0,0,1,0,0,0,0,0,0,0,2,-1,2,-1,4,4,-2.62089327,31.83712617
6655,23,1,1,3,1,1,1,0,1,0,0,0,0,0,0,0,0,0,1,4,1,2,1,1,-3.11013866,32.72798138
6656,38,1,1,3,1,2,1,0,1,0,0,0,0,0,0,0,0,0,2,-1,2,-1,2,4,-1.96117237,35.35675634
6657,36,2,1,1,2,2,2,0,1,0,1,0,0,0,0,1,0,0,2,-1,2,-1,4,4,-2.81871099,33.37486725
6658,25,2,4,6,5,2,1,0,1,0,1,0,0,0,0,0,0,0,1,5,1,4,1,1,-3.74434131,33.836572100000005
6659,40,1,1,2,4,2,2,0,1,0,0,0,0,0,0,0,0,0,2,-1,2,-1,4,4,-8.98032539,36.75814372
6660,20,1,1,2,3,2,2,0,0,0,1,0,0,0,0,0,0,0,2,-1,2,-1,1,4,-5.00404512,32.83818955
6661,30,2,1,6,5,2,1,0,0,0,1,0,0,0,0,0,0,0,1,2,2,-1,1,1,-1.34252822,34.38517384
6662,22,2,1,1,2,2,2,0,1,0,0,0,0,0,0,0,0,0,2,-1,2,-1,4,4,-6.74303436,32.48074436
6663,22,2,1,5,1,1,1,0,1,0,0,0,0,0,0,0,0,0,2,-1,1,2,1,4,-11.02794119,39.25463853
6664,55,2,1,3,3,2,2,0,0,0,0,0,0,0,0,0,1,0,2,-1,1,6,4,4,-2.46640989,32.382411600000005
6665,71,2,1,1,3,2,2,0,1,0,1,0,0,0,0,0,0,0,2,-1,2,-1,4,4,-11.09891376,35.20690369
6666,19,1,4,3,3,2,2,0,0,0,1,0,0,0,0,0,0,0,2,-1,2,-1,1,3,-6.33349005,31.08020991
6667,80,2,2,1,1,2,2,0,1,0,0,0,1,0,0,0,0,0,2,-1,1,6,4,4,-4.45389778,35.69922678
6668,88,2,2,2,1,2,2,0,1,0,0,0,0,0,0,0,0,0,2,-1,2,-1,4,4,-3.10610407,37.59038132
6669,62,2,1,3,1,2,1,0,1,0,0,0,1,0,0,0,0,0,2,-1,2,-1,1,4,-6.90549072,39.17021391
6670,38,1,1,3,1,2,1,0,1,0,0,0,0,0,0,0,0,0,1,4,1,6,1,4,-9.00068497,32.81070803
6671,45,2,3,3,1,2,1,0,1,0,1,0,0,0,0,0,0,0,1,3,2,-1,1,4,-8.8164823,33.85210545
6672,60,1,1,3,1,2,1,0,1,0,1,0,0,0,0,0,0,0,2,-1,2,-1,1,2,-5.89086948,35.21694421
6673,33,2,1,5,1,2,2,0,1,0,0,0,0,0,0,0,0,0,2,-1,2,-1,1,1,-5.95305052,36.69236461
6674,35,1,1,3,5,1,1,0,1,0,1,0,0,0,0,0,0,0,1,5,2,-1,1,4,-2.76108044,33.61585373
6675,37,1,1,3,4,2,1,0,0,1,0,0,0,0,0,0,0,0,2,-1,2,-1,1,4,-3.37234508,37.34028675
6676,28,1,1,3,4,2,1,0,1,0,0,0,0,0,0,0,0,0,2,-1,2,-1,1,4,-3.54521765,36.98629234
6677,25,2,1,6,1,1,2,0,1,0,0,0,0,0,0,0,0,0,2,-1,1,5,1,2,-10.86989008,39.42949127
6678,80,1,1,1,1,2,1,0,0,0,0,1,0,0,0,0,0,0,1,3,2,-1,4,4,-6.67877516,39.205219299999996
6679,48,2,1,3,5,2,2,0,1,0,1,0,0,0,0,0,0,0,2,-1,2,-1,1,4,-5.8609294,35.69554938
6680,60,1,1,3,1,2,1,0,1,0,0,0,0,0,0,0,0,0,1,5,2,-1,1,4,-10.92087739,39.37987907
6681,23,2,4,6,4,2,1,0,0,0,0,0,0,0,0,1,0,0,2,-1,1,3,1,1,-2.01647549,33.87940117
6682,59,2,2,3,1,2,1,0,1,0,0,0,0,0,0,0,0,0,2,-1,2,-1,1,4,-10.91681551,38.00699772
6683,50,1,2,1,5,2,2,0,1,0,1,0,0,0,0,0,0,0,2,-1,2,-1,4,4,-4.42979577,34.47485339
6684,25,2,4,6,5,2,1,0,0,0,0,0,0,0,0,1,0,0,1,3,1,3,1,4,-6.16319644,35.75770044
6685,75,1,3,1,2,1,1,0,0,0,0,0,0,0,0,1,0,0,2,-1,2,-1,4,4,-6.96563576,39.51336294
6686,37,1,1,3,1,2,2,0,1,0,1,0,0,0,0,0,0,0,2,-1,2,-1,1,1,-8.49737573,35.59216258
6687,24,2,1,3,1,2,2,0,0,0,0,0,0,0,0,1,0,0,2,-1,1,2,1,4,-4.91137129,34.66991378
6688,37,2,2,2,1,2,1,0,1,0,0,0,0,0,0,0,0,0,2,-1,2,-1,1,4,-5.08612679,31.84662128
6689,28,1,2,1,3,2,2,0,1,0,0,0,0,0,0,0,0,0,2,-1,2,-1,4,4,-4.18659153,34.24466153
6690,36,2,1,3,2,2,2,0,0,0,1,0,0,0,0,0,0,0,2,-1,2,-1,4,4,-1.36246927,34.08237158
6691,33,1,1,2,3,2,1,0,1,0,1,0,0,0,0,0,0,0,2,-1,2,-1,1,4,-2.76896115,32.59656337
6692,49,1,1,3,1,1,1,0,1,0,0,0,0,0,0,0,0,0,2,-1,1,5,1,4,-10.84738618,39.69944608
6693,34,2,2,1,1,2,2,0,1,0,0,0,0,0,0,0,0,0,2,-1,1,2,3,4,-6.92339606,37.77173086
6694,69,2,3,2,1,2,2,0,1,0,0,0,0,0,0,0,0,0,2,-1,2,-1,4,4,-5.0693711,32.79092501
6695,32,1,1,3,1,1,1,0,0,0,1,0,0,0,0,0,0,0,2,-1,2,-1,1,4,-8.413581667,35.87794833
6696,27,1,4,7,5,2,1,1,0,0,0,0,0,0,0,0,0,0,1,3,1,3,1,1,-6.86785027,39.28429096
6697,39,1,2,3,1,2,1,0,1,0,0,0,0,0,0,0,0,0,2,-1,1,3,1,4,-3.52514627,35.34895578
6698,28,1,1,3,1,1,1,0,0,0,1,0,0,0,0,0,0,0,1,4,2,-1,1,1,-3.07734556,32.08567774
6699,47,2,1,3,2,2,2,0,0,0,1,0,0,0,0,0,0,0,2,-1,2,-1,1,4,-6.85031503,39.22413819
6700,55,2,3,1,1,1,1,0,0,0,0,0,0,0,0,1,0,0,2,-1,2,-1,4,4,-10.09636011,34.67880927
6701,72,2,3,1,1,2,2,0,1,0,0,0,0,0,0,0,0,0,2,-1,2,-1,4,4,-5.49800854,38.47904799
6702,50,1,1,6,2,2,1,1,1,0,0,0,0,0,0,0,0,0,1,3,2,-1,1,1,-6.81414545,30.49003218
6703,28,2,1,3,3,2,2,0,1,0,1,0,0,0,1,0,0,0,2,-1,1,5,1,4,-7.120298200000001,37.80299347
6704,29,1,1,5,3,2,1,0,1,0,0,0,0,0,0,0,0,0,1,4,2,-1,1,2,-2.71415122,33.14074728
6705,35,1,1,3,4,2,1,0,1,0,1,0,0,0,0,0,0,0,1,4,2,-1,1,4,-6.75066029,30.41103856
6706,24,1,4,7,4,2,1,1,0,0,0,0,0,0,0,0,0,0,1,4,2,-1,1,1,-8.918946667,39.51528
6707,22,2,1,3,3,2,2,0,1,0,1,0,0,0,0,0,0,0,2,-1,2,-1,1,4,-10.82871829,34.88705999
6708,24,1,4,6,5,2,1,0,0,0,0,0,0,0,0,1,0,0,2,-1,2,-1,1,1,-10.68375177,38.87929999
6709,32,2,1,3,1,2,1,0,1,0,0,0,0,0,0,0,0,0,2,-1,2,-1,1,4,-7.80028431,35.8454374
6710,27,2,1,3,3,2,2,0,0,0,1,0,0,0,0,0,0,0,2,-1,2,-1,1,4,-10.20510322,38.84298706
6711,20,2,4,7,4,2,1,0,0,0,0,0,0,0,0,1,0,0,1,3,1,3,1,1,-10.27474717,40.17465995
6712,35,2,1,3,2,1,2,0,1,0,0,0,0,0,0,0,0,0,2,-1,1,4,1,4,-10.82843097,34.88741938
6713,18,1,4,3,5,2,2,0,1,0,0,0,0,0,0,0,0,0,2,-1,1,2,1,1,-3.8102886,32.2312814
6714,34,2,1,3,4,2,1,0,0,1,0,0,0,0,0,0,0,0,1,4,1,3,1,4,-2.75090859,33.23008763
6715,23,2,1,5,5,2,1,0,1,0,0,0,0,0,0,0,0,0,2,-1,2,-1,1,2,-9.18901025,33.72029938
6716,30,2,1,6,2,2,1,0,1,1,0,0,0,0,0,0,0,0,2,-1,2,-1,1,1,-10.73518281,34.74395654
6717,54,2,1,6,3,2,1,0,0,0,1,0,0,0,0,0,0,0,1,3,1,3,1,1,-6.16751014,39.21030915
6718,17,2,1,3,5,2,2,0,0,0,0,0,0,0,0,1,0,0,2,-1,2,-1,4,4,-3.82879545,33.29501661
6719,34,1,1,3,3,2,1,0,0,0,1,0,0,0,0,0,0,0,2,-1,2,-1,1,4,-3.27404679,32.9794113
6720,44,2,3,2,1,1,2,0,1,0,0,0,0,0,0,0,0,0,2,-1,2,-1,4,4,-3.90305328,35.81148581
6721,35,2,1,3,5,2,1,0,1,0,0,0,0,0,0,1,0,0,1,6,1,2,1,3,-8.55351909,36.00423478
6722,28,1,1,6,4,2,1,0,1,0,1,0,0,0,0,0,0,0,1,3,1,1,1,1,-8.09027932,35.83741888
6723,50,1,2,2,3,2,2,0,1,0,0,0,0,0,0,0,0,0,2,-1,2,-1,1,4,-9.13555425,32.74520092
6724,37,2,1,3,2,2,2,0,1,0,0,0,0,0,0,0,0,0,2,-1,2,-1,1,1,-3.49230657,36.821797100000005
6725,50,1,2,1,5,2,2,0,1,0,1,0,0,0,0,0,0,0,2,-1,2,-1,4,4,-5.80750834,35.09605331
6726,19,2,1,6,4,2,1,0,0,0,0,0,0,0,0,1,0,0,1,4,2,-1,1,1,-1.53040932,31.15248057
6727,20,2,1,6,1,2,1,0,0,0,0,0,0,0,0,0,1,0,2,-1,2,-1,1,1,-6.137908900000001,39.23057252
6728,16,2,4,5,3,2,2,0,0,0,0,0,0,0,0,0,1,0,2,-1,2,-1,1,2,-6.818666800000001,37.64577807
6729,45,1,1,3,1,1,1,0,1,0,0,0,0,0,0,0,0,0,1,2,1,1,1,2,-7.78251867,35.7143755
6730,28,1,4,6,5,1,1,0,1,0,0,0,0,0,0,0,0,0,1,6,2,-1,1,1,-9.60044994,33.86848318
6731,35,2,1,2,5,2,1,0,1,0,0,0,0,0,0,0,0,0,2,-1,2,-1,1,4,-7.42622652,31.37153094
6732,19,2,1,3,4,2,1,0,0,0,0,0,0,0,0,1,0,0,2,-1,2,-1,1,4,-6.77314693,37.75384599
6733,33,2,4,3,3,2,1,0,1,0,0,0,0,0,0,0,0,0,1,4,1,3,1,4,-5.02241675,32.80289203
6734,30,2,1,3,3,2,1,0,1,0,0,0,0,0,0,0,0,0,2,-1,2,-1,1,4,-7.75695192,35.47993574
6735,43,1,1,3,1,2,1,0,1,0,0,0,0,0,0,0,0,0,2,-1,1,4,1,4,-4.11798428,34.81861806
6736,63,2,3,3,1,1,1,0,1,0,0,0,0,0,0,1,0,0,2,-1,1,1,1,1,-3.20082073,37.20622293
6737,27,2,1,3,4,2,2,0,1,0,0,0,0,0,0,1,0,0,2,-1,2,-1,1,4,-8.88102244,32.79998236
6738,50,1,1,2,1,2,1,0,1,0,0,0,0,0,0,0,0,0,2,-1,2,-1,1,4,-2.93067967,36.23371069
6739,49,1,1,3,1,2,1,0,1,0,0,0,0,0,0,0,0,0,2,-1,1,1,1,1,-3.2872767,37.37457166
6740,38,2,1,3,1,1,1,0,0,0,1,0,0,0,0,0,0,0,2,-1,1,1,1,1,-3.16180642,32.25882406
6741,24,2,1,3,3,2,2,0,1,0,0,0,0,0,0,0,0,0,2,-1,2,-1,1,4,-1.21616163,31.40904726
6742,28,1,1,6,5,2,1,0,0,0,1,0,0,0,0,0,0,0,2,-1,1,4,1,1,-7.74846735,35.71605405
6743,38,1,1,2,1,2,1,0,1,0,1,0,0,0,0,0,0,0,1,4,2,-1,4,4,-8.39733445,38.93320136
6744,28,2,1,3,4,2,1,0,0,0,1,0,0,0,0,0,0,0,2,-1,1,3,1,4,-8.89624911,33.46976809
6745,36,1,2,3,5,2,1,0,0,0,1,0,0,0,0,0,0,0,1,3,2,-1,1,2,-3.35199391,37.34907037
6746,37,2,1,1,3,2,2,0,1,0,0,0,0,0,0,0,0,0,2,-1,2,-1,4,4,-5.57849151,36.12867647
6747,29,2,1,3,3,2,1,0,1,0,0,0,1,0,0,1,0,0,2,-1,2,-1,1,4,-3.59413746,32.6083866
6748,46,2,2,3,1,2,1,0,0,1,0,0,0,0,0,0,0,0,2,-1,1,5,1,1,-1.33348814,33.81919357
6749,45,2,1,3,2,1,2,0,0,0,1,0,0,0,0,0,0,0,2,-1,2,-1,1,4,-2.45904408,32.91696585
6750,37,1,1,3,1,1,1,0,1,0,0,0,0,0,0,0,0,0,2,-1,1,5,4,4,-8.153591667,39.22274
6751,45,2,1,1,3,2,1,0,1,0,1,0,0,0,0,0,0,0,2,-1,2,-1,2,4,-5.97492576,29.85597391
6752,28,1,1,7,5,2,1,1,0,0,0,0,0,0,0,0,0,0,1,3,1,4,1,1,-8.76859398,31.94953095
6753,30,2,1,2,1,2,2,0,1,0,0,0,0,0,0,0,0,0,2,-1,2,-1,2,4,-3.62160939,36.76510335
6754,29,1,1,3,3,2,1,0,1,0,0,0,0,0,0,0,0,0,2,-1,2,-1,1,1,-2.55372592,30.60836306
6755,44,2,1,3,3,2,2,0,1,0,1,0,0,0,0,0,0,0,2,-1,2,-1,1,4,-3.23987833,33.44781657
6756,25,1,1,3,4,2,1,0,1,0,1,0,0,0,0,0,0,0,1,4,2,-1,1,4,-7.09889829,31.33490266
6757,27,2,1,1,1,2,2,0,1,0,0,0,0,0,0,0,0,0,2,-1,2,-1,4,4,-8.8967744,31.69145808
6758,18,2,4,2,5,2,1,0,0,1,0,0,0,0,0,0,0,0,2,-1,2,-1,5,5,-2.56027164,32.9238837
6759,49,2,2,3,1,2,1,0,1,0,0,0,0,0,0,0,0,0,2,-1,1,5,2,2,-3.351075,37.46162489
6760,20,2,1,3,4,2,1,0,0,0,0,0,0,0,0,1,0,0,2,-1,2,-1,1,4,-6.79258821,39.24041467
6761,28,2,1,2,5,2,1,0,0,0,1,0,0,0,0,0,0,0,2,-1,1,2,1,4,-2.87674133,32.24711135
6762,41,2,1,3,3,2,2,0,1,0,1,0,0,0,0,0,0,0,2,-1,2,-1,1,2,-5.75616933,34.40464384
6763,26,2,1,5,5,2,2,0,1,0,1,0,0,0,0,1,0,0,2,-1,1,2,1,1,-2.45903225,33.63289841
6764,28,1,1,2,1,2,2,0,1,0,0,0,0,0,0,0,0,0,2,-1,2,-1,4,4,-6.35105252,31.06206115
6765,76,1,3,2,1,2,1,0,1,0,0,0,0,0,0,0,0,0,2,-1,2,-1,1,4,-7.68005087,31.56264299
6766,29,1,1,3,4,2,2,0,0,0,1,0,0,0,0,0,0,0,2,-1,2,-1,1,4,-7.68555936,31.55484691
6767,30,1,1,5,1,2,1,0,0,0,1,0,0,0,0,0,0,0,2,-1,2,-1,1,1,-4.9804395999999995,39.82051729999999
6768,51,2,1,3,2,2,1,0,1,0,1,0,0,0,0,0,0,0,2,-1,1,2,1,4,-4.26994195,38.04963921
6769,19,1,4,3,3,2,2,0,0,0,0,0,0,0,0,1,0,0,2,-1,2,-1,4,4,-4.49088682,34.16947501
6770,53,2,3,5,1,2,1,0,0,0,1,0,0,0,0,0,0,0,2,-1,2,-1,1,2,-8.93305995,33.34273806
6771,56,1,1,5,1,1,1,0,1,0,0,0,0,0,0,0,0,0,1,4,1,4,1,1,-2.39273932,32.06703179
6772,57,1,1,2,1,2,1,0,1,0,0,0,0,0,0,0,0,0,2,-1,2,-1,1,4,-9.19894602,33.10131889
6773,52,1,1,3,1,2,1,0,1,0,0,0,0,0,0,0,0,0,2,-1,1,6,1,1,-7.51391246,31.04539762
6774,45,1,1,3,1,2,1,0,1,0,0,0,0,0,0,0,0,0,1,4,1,5,1,4,-11.14378374,37.51119403
6775,42,2,2,1,4,2,1,1,1,0,0,0,0,0,0,0,0,0,2,-1,2,-1,1,1,-11.05810761,37.33890438
6776,46,1,1,3,2,2,1,0,1,0,1,0,0,0,0,0,0,0,2,-1,1,6,1,4,-3.00644933,37.58545213
6777,37,2,3,3,3,2,2,0,1,0,0,0,0,0,0,0,0,0,2,-1,2,-1,1,4,-8.84793157,32.28147633
6778,42,1,1,3,3,2,1,0,1,0,1,0,0,0,0,0,0,0,2,-1,1,5,1,4,-3.35442116,35.79624557
6779,34,1,1,3,3,2,1,0,0,0,1,0,0,0,0,0,0,0,1,6,2,-1,1,4,-5.17249541,38.42197765
6780,30,1,2,3,1,2,1,0,1,0,1,0,0,0,0,0,0,0,1,4,2,-1,1,2,-10.23605782,39.47192773
6781,20,1,4,2,3,1,1,0,1,0,0,0,0,0,0,0,0,0,2,-1,2,-1,1,4,-3.22102176,32.69434576
6782,43,2,1,1,3,2,1,0,0,0,0,0,0,0,0,0,1,0,1,4,2,-1,4,4,-6.92348354,39.25581270000001
6783,59,2,2,3,3,2,2,0,1,0,0,0,0,0,0,0,0,0,2,-1,2,-1,1,1,-3.37259306,36.79080014
6784,21,2,1,2,3,2,2,0,1,0,0,0,0,0,0,1,0,0,2,-1,2,-1,4,4,-4.05634662,32.23617671
6785,21,1,4,3,1,2,1,0,1,0,0,0,0,0,0,0,0,0,2,-1,1,3,1,4,-9.33879818,34.76924195
6786,24,2,1,3,1,2,2,0,0,0,1,0,0,0,0,0,0,0,2,-1,2,-1,1,4,-7.557212299999999,31.023073800000002
6787,27,1,1,5,5,2,1,0,1,0,0,0,0,0,0,0,0,0,1,4,1,4,1,1,-7.872705000000001,30.79664665
6788,27,2,2,1,1,2,1,1,1,0,0,0,0,0,0,1,0,0,1,3,1,3,4,4,-5.96143196,35.97453439
6789,26,2,1,3,1,2,2,0,1,0,1,0,0,0,0,0,0,0,2,-1,2,-1,1,4,-10.6176224,38.81148359
6790,34,1,1,3,3,2,1,0,1,0,1,0,0,0,0,0,0,0,2,-1,2,-1,1,4,-4.73444275,34.92375189
6791,16,2,4,5,5,2,2,0,0,0,0,0,0,0,0,0,1,0,2,-1,2,-1,1,1,-5.97545013,39.29570991
6792,21,1,4,1,5,2,2,1,0,0,0,0,0,0,0,0,0,0,1,3,2,-1,4,4,-1.51174817,33.80902621
6793,63,1,2,1,5,2,2,0,0,0,1,0,0,0,0,0,0,0,2,-1,2,-1,4,4,-8.57423947,32.04695357
6794,17,1,4,3,5,2,1,0,1,0,1,0,0,0,0,0,0,0,1,2,1,4,1,4,-10.28312514,40.11656378
6795,22,2,1,3,3,2,2,0,1,0,0,0,0,0,0,0,0,0,2,-1,1,6,1,1,-3.27148308,32.78924243
6796,17,2,1,3,3,2,2,0,0,0,0,0,0,0,0,0,1,0,2,-1,1,2,1,4,-4.76958965,34.58036508
6797,36,2,3,1,1,2,2,0,1,0,0,0,0,0,0,1,0,0,2,-1,2,-1,4,4,-6.54867834,38.54584288
6798,40,1,1,5,1,2,1,1,0,0,0,0,0,0,0,0,0,0,1,6,2,-1,2,4,-6.1783003,35.74316343
6799,51,2,1,3,1,1,1,0,0,1,0,1,0,0,0,1,0,0,2,-1,1,3,1,2,-6.17210787,39.22380797
6800,24,1,4,6,3,2,1,0,0,0,0,0,0,0,0,1,0,0,1,3,1,3,1,1,-6.89207848,39.22871527
6801,34,2,1,3,2,1,2,0,1,0,0,0,0,0,0,0,0,0,1,5,2,-1,1,2,-7.80083069,35.84544081
6802,47,2,4,6,1,2,1,1,0,0,0,0,0,0,0,0,0,0,1,3,1,6,1,1,-4.35595481,37.82303793
6803,35,1,1,5,4,1,1,1,1,0,0,0,0,0,0,0,0,0,1,4,2,-1,1,1,-2.45887918,32.91625708
6804,43,2,1,3,1,2,2,0,1,0,0,0,0,0,0,0,0,0,2,-1,2,-1,1,4,-2.47181731,32.38683709
6805,63,1,1,1,1,2,2,0,0,0,1,0,0,0,0,0,0,0,2,-1,2,-1,4,4,-4.67767522,35.95592589
6806,27,1,1,6,4,2,1,1,1,1,0,0,0,0,0,0,0,0,1,3,1,4,1,1,-7.55789575,31.02288724
6807,26,1,1,2,3,2,1,0,1,0,0,0,0,0,0,0,0,0,2,-1,1,5,2,4,-1.866751667,34.73393
6808,18,2,4,5,3,2,1,1,0,0,0,0,0,0,0,0,0,0,2,-1,2,-1,1,2,-2.6649587,32.63847338
6809,29,2,1,1,1,2,2,0,1,0,0,0,0,0,0,0,0,0,2,-1,2,-1,4,4,-4.64223738,34.18594427
6810,27,1,4,7,3,2,1,0,1,0,0,0,0,0,0,0,0,0,2,-1,1,3,1,1,-4.61826254,35.03096942
6811,63,1,1,3,1,2,1,0,1,0,0,0,0,0,0,1,0,0,2,-1,1,3,4,4,-4.53048702,38.23608774
6812,37,2,1,3,1,2,1,0,1,1,0,0,0,0,0,0,0,0,2,-1,2,-1,4,4,-7.9553592,36.86350794
6813,37,2,1,3,2,2,2,0,1,0,0,0,0,0,0,0,0,0,2,-1,2,-1,1,4,-6.42375431,31.02190942
6814,16,2,4,5,3,2,1,0,0,1,0,0,0,0,0,0,0,0,1,3,1,3,1,1,-6.36492058,39.45264645
6815,39,1,1,3,1,2,1,0,0,0,1,0,0,0,0,0,0,0,2,-1,2,-1,1,3,-8.920617800000002,33.4129473
6816,19,1,4,5,1,2,1,0,1,0,1,0,0,0,0,0,0,0,2,-1,1,2,1,4,-10.16980859,39.85997207
6817,34,1,1,3,1,2,1,0,1,0,1,0,0,0,0,0,0,0,2,-1,1,4,1,4,-1.36693951,34.43637709
6818,34,2,1,2,4,2,2,0,1,0,1,0,0,0,0,0,0,0,2,-1,2,-1,4,4,-6.3946248,30.98032116
6819,17,1,4,1,5,2,1,0,0,0,1,0,0,0,0,0,0,0,2,-1,2,-1,4,4,-8.54287594,34.44304463
6820,46,1,1,6,2,2,1,0,1,0,0,0,0,0,0,0,0,0,1,4,1,4,1,1,-3.01130431,37.59020419
6821,26,2,1,5,4,2,1,0,0,0,0,0,0,0,0,0,1,0,1,4,1,3,1,4,-8.90602569,33.46261227
6822,30,2,1,3,5,2,1,0,0,0,1,0,0,0,0,0,0,0,1,3,1,4,1,4,-6.82597472,37.65266244
6823,60,1,1,3,3,2,1,0,0,0,1,0,0,0,0,0,0,0,2,-1,2,-1,1,3,-1.80574017,33.39938072
6824,16,1,4,5,4,2,2,0,0,0,0,0,0,0,0,0,1,0,2,-1,2,-1,1,1,-7.93404561,35.62664022
6825,49,1,1,3,1,1,1,0,1,0,1,0,0,0,0,0,0,0,2,-1,2,-1,1,1,-3.03188609,34.35641488
6826,38,2,1,3,2,2,2,0,0,1,0,0,0,0,0,0,0,0,2,-1,2,-1,1,4,-11.2614838,34.79212329
6827,65,1,3,3,4,2,2,0,1,0,0,0,0,0,0,0,0,0,2,-1,2,-1,1,1,-6.39484497,30.97964539
6828,46,2,2,1,2,2,2,0,1,0,0,0,0,0,0,0,0,0,2,-1,2,-1,4,4,-4.36880659,35.07084321
6829,26,1,1,3,1,2,1,0,1,0,1,0,0,0,0,0,0,0,2,-1,2,-1,1,4,-1.17962477,31.429669899999997
6830,49,2,1,3,2,2,1,0,1,0,0,0,0,0,0,1,0,0,1,3,1,4,1,1,-3.26634874,37.63694025
6831,18,2,4,5,3,2,1,0,1,0,1,0,0,0,0,0,0,0,1,3,1,3,1,2,-7.9580997,31.61771649
6832,20,2,1,3,5,2,2,0,0,0,0,0,0,0,0,0,1,0,2,-1,1,2,1,1,-2.50525135,32.01074976
6833,65,2,3,1,1,2,1,0,1,0,0,0,0,0,0,0,0,0,2,-1,2,-1,4,4,-4.98388235,39.83411631
6834,34,2,1,3,3,2,2,0,1,0,1,0,0,0,0,0,0,0,2,-1,1,5,1,4,-2.63025926,33.94223971
6835,47,1,1,2,4,2,2,0,0,0,1,0,0,0,0,0,0,0,2,-1,2,-1,4,4,-5.03678818,38.88007868
6836,20,2,1,1,3,2,2,0,1,0,0,0,0,0,0,0,0,0,2,-1,2,-1,4,4,-8.764794300000002,31.84077972
6837,24,1,1,6,5,2,1,1,0,0,0,0,0,0,0,0,0,0,1,4,1,4,1,1,-2.4869236,32.90237192
6838,51,2,3,1,1,2,1,0,1,0,0,0,0,0,0,0,0,0,2,-1,2,-1,1,4,-6.43081502,31.0133778
6839,70,2,3,1,1,1,2,0,1,0,0,0,0,0,0,0,0,0,1,6,2,-1,4,4,-2.33716273,32.2973298
6840,27,1,1,6,4,2,1,1,0,0,0,0,0,0,0,0,0,0,1,3,2,-1,1,1,-6.82335496,39.23021672
6841,35,2,1,2,3,2,2,0,0,0,0,0,0,0,0,0,1,0,2,-1,2,-1,4,4,-1.85435264,31.59022464
6842,33,1,1,3,5,2,1,0,1,0,0,0,0,0,0,0,0,0,1,3,1,3,1,2,-10.85568228,39.27805057
6843,41,2,3,3,1,2,1,0,0,0,1,0,0,0,0,0,0,0,2,-1,2,-1,4,4,-1.28953604,33.94635452
6844,59,2,3,3,1,2,1,0,1,0,0,0,0,0,0,0,0,0,2,-1,1,3,1,4,-5.13013351,38.97421288
6845,36,1,1,3,1,1,1,0,1,0,0,0,0,0,0,0,0,0,1,6,1,3,1,2,-2.50442306,30.6689265
6846,36,1,3,1,2,2,1,0,1,0,0,0,0,0,0,0,0,0,2,-1,2,-1,1,4,-8.58681231,34.98284374
6847,35,2,1,6,5,2,1,0,0,0,0,0,0,0,0,1,0,0,2,-1,2,-1,1,2,-5.24598229,39.78142433
6848,23,2,1,2,1,2,2,0,0,0,1,0,0,0,0,0,0,0,2,-1,2,-1,4,4,-8.35159962,31.83155478
6849,22,2,1,3,5,2,2,0,1,0,0,0,1,0,0,1,0,0,2,-1,2,-1,1,4,-4.05654934,32.22239946
6850,42,1,1,3,1,2,1,0,1,0,0,0,0,0,0,0,0,0,2,-1,2,-1,1,1,-3.36278894,36.47864923
6851,41,2,3,7,1,2,1,1,0,0,0,0,0,0,0,0,0,0,1,3,1,2,1,1,-6.22715903,39.23892963
6852,37,2,1,1,2,2,2,0,0,1,0,0,0,0,0,0,0,0,2,-1,2,-1,4,4,-11.04319327,37.43251904
6853,30,2,1,3,1,2,1,0,0,0,0,0,0,0,0,1,0,0,2,-1,2,-1,1,4,-6.80056926,39.05273281
6854,44,2,2,2,5,2,2,0,0,0,0,0,0,0,0,0,1,0,2,-1,2,-1,4,4,-4.42910304,34.47430681
6855,61,2,3,3,1,1,2,0,1,0,0,0,0,0,0,0,0,0,2,-1,2,-1,1,4,-8.53691295,32.94126489
6856,55,1,1,1,1,2,2,0,0,0,1,0,0,0,0,0,0,0,2,-1,2,-1,4,4,-5.95874868,35.97492018
6857,22,1,4,3,5,2,1,0,0,0,1,0,0,0,0,0,0,0,1,2,1,3,1,4,-2.4871887000000004,32.92442064
6858,26,1,1,6,4,2,1,0,1,0,0,0,0,0,0,0,0,0,2,-1,2,-1,1,1,-9.29538764,32.75923721
6859,54,1,1,6,5,2,1,1,1,0,0,0,0,0,0,0,0,0,1,4,1,4,1,1,-8.52688375,32.036038899999994
6860,20,2,4,3,5,2,1,0,0,1,0,0,0,0,0,0,0,0,1,3,1,4,1,4,-7.95367449,31.60683968
6861,27,2,1,3,5,2,1,0,1,0,0,0,0,0,0,0,0,0,1,6,2,-1,1,1,-3.37443877,36.84719589
6862,22,1,1,1,1,2,2,0,1,0,1,0,0,0,0,0,0,0,2,-1,2,-1,4,4,-5.086016000000001,31.84667815
6863,26,1,1,3,1,1,1,0,1,0,1,0,0,0,0,0,0,0,2,-1,2,-1,1,4,-3.46576662,35.69522324
6864,63,2,3,2,1,2,1,0,1,0,0,0,0,0,0,0,0,0,2,-1,1,4,1,4,-5.40454781,38.61119526
6865,31,1,1,3,1,2,1,0,0,0,1,0,0,0,0,0,0,0,2,-1,1,2,1,4,-6.37705495,38.35065944
6866,44,1,1,3,1,2,2,0,1,0,1,0,0,0,0,1,0,0,2,-1,1,3,1,4,-10.20511472,40.03733914
6867,23,1,4,7,5,1,1,0,0,0,1,0,0,0,0,0,0,0,1,6,2,-1,1,1,-3.37211612,37.33930972
6868,40,2,1,1,2,2,2,0,1,0,0,0,0,0,0,0,0,0,2,-1,2,-1,4,4,-10.69495737,39.40020429
6869,66,2,3,3,1,2,1,0,1,0,0,0,0,0,0,0,0,0,2,-1,2,-1,1,4,-1.22672355,34.23431222
6870,29,1,1,6,4,2,1,0,0,0,1,0,0,0,0,0,0,0,1,2,1,3,1,1,-5.96181091,35.97425104
6871,30,1,1,3,1,1,1,0,1,0,0,0,0,0,0,0,0,0,2,-1,2,-1,1,4,-4.67189939,30.00043983
6872,52,1,1,3,1,2,2,0,1,0,1,0,0,0,0,0,0,0,2,-1,2,-1,1,4,-7.48756322,30.59398254
6873,30,1,4,3,1,2,1,0,0,0,1,0,0,0,0,0,0,0,1,3,2,-1,1,4,-6.73467478,38.84855747
6874,32,2,1,2,1,2,2,0,0,0,0,0,0,0,0,0,1,0,2,-1,2,-1,4,4,-3.2506218999999996,31.64458918
6875,42,2,2,2,1,2,1,0,1,0,0,0,0,0,0,0,0,0,2,-1,1,5,4,4,-10.72898371,39.78792927
6876,89,1,1,3,1,2,2,0,1,0,0,0,1,0,1,0,0,0,2,-1,2,-1,1,1,-3.62632467,32.9515329
6877,55,2,3,2,1,2,1,0,1,0,0,0,0,0,1,0,0,0,2,-1,1,3,4,4,-4.64632178,35.04332161
6878,27,1,4,3,3,2,2,0,1,0,1,0,0,0,0,0,0,0,2,-1,2,-1,1,2,-5.71023147,34.49716892
6879,22,1,1,3,5,2,2,0,0,0,1,0,0,0,0,0,0,0,2,-1,2,-1,1,4,-1.77977896,34.06116084
6880,42,2,1,3,5,2,1,0,0,0,0,0,0,0,0,0,1,0,1,3,2,-1,5,5,-6.720447599999999,38.737599100000004
6881,27,2,4,5,4,2,1,0,0,0,1,0,0,0,0,0,0,0,1,2,1,2,1,1,-6.72320547,38.73623994
6882,23,2,4,6,4,2,1,1,0,0,0,0,0,0,0,0,0,0,1,3,1,2,1,2,-6.89763298,39.28352486
6883,25,1,1,3,1,2,1,0,0,0,1,0,0,0,0,0,0,0,1,2,1,2,1,4,-2.98628439,34.19120175
6884,30,1,2,3,5,2,2,0,0,0,1,0,0,0,0,0,0,0,2,-1,2,-1,1,1,-3.37224779,36.65841757
6885,24,1,4,3,3,2,1,1,0,0,0,0,0,0,0,0,0,0,1,4,2,-1,1,4,-3.20571526,35.94368384
6886,86,2,3,1,1,2,2,0,0,0,0,0,0,0,0,0,1,0,2,-1,2,-1,4,4,-9.33164764,33.70013201
6887,30,2,1,3,4,2,2,0,0,0,0,0,0,0,0,0,1,0,2,-1,2,-1,2,4,-2.48069612,32.98538663
6888,21,2,4,5,5,2,1,0,0,0,1,0,0,0,0,0,0,0,2,-1,2,-1,1,1,-8.90596675,33.45605908
6889,26,1,4,6,1,2,1,0,1,0,1,0,0,0,0,0,0,0,1,5,2,-1,1,1,-10.12854807,39.13870296
6890,78,2,2,3,1,1,1,0,1,0,0,0,0,0,0,1,0,0,2,-1,1,4,1,4,-4.35374981,34.43484658
6891,29,1,4,1,1,2,1,0,1,0,1,0,0,0,0,0,0,0,1,3,2,-1,2,2,-3.56798572,36.94872384
6892,25,1,1,2,1,2,1,0,0,0,1,0,0,0,0,0,0,0,2,-1,2,-1,4,4,-4.06032021,35.28563963
6893,34,2,4,7,3,2,1,0,0,0,1,0,0,0,0,0,0,0,1,3,1,2,1,1,-2.48845348,32.92345378
6894,45,2,3,3,4,2,1,0,1,0,0,0,0,0,0,0,0,0,2,-1,2,-1,5,5,-8.90547426,33.45557221
6895,24,2,4,7,3,2,1,0,0,0,0,0,0,0,0,1,0,0,1,2,1,3,1,1,-6.81932581,37.64593392
6896,25,2,4,6,4,2,1,0,0,0,1,0,0,0,0,0,0,0,1,2,2,-1,1,1,-6.17234446,35.73830631
6897,36,2,3,6,1,2,1,1,1,0,0,0,0,0,0,0,0,0,1,3,2,-1,1,1,-9.28989016,35.27463804
6898,50,2,1,2,1,1,2,0,0,0,0,0,0,0,0,1,0,0,2,-1,2,-1,4,4,-9.59272841,34.87638068
6899,42,2,2,3,3,2,1,0,0,0,1,0,0,0,0,0,0,0,2,-1,2,-1,1,4,-3.61898125,33.81451011
6900,22,1,1,6,1,2,1,0,1,1,0,0,0,0,0,0,0,0,1,4,1,3,1,1,-7.46872674,36.50889707
6901,60,1,1,3,3,2,2,0,1,0,0,0,0,0,0,1,0,0,2,-1,2,-1,1,4,-3.22690455,37.25434442
6902,27,2,2,3,4,1,1,0,0,0,1,0,0,0,0,0,0,0,2,-1,1,3,1,4,-11.09856442,39.30743981
6903,50,2,2,1,5,2,2,0,1,0,1,0,0,0,1,0,0,0,2,-1,2,-1,4,4,-3.55855641,33.88736401
6904,50,2,4,6,3,2,1,0,0,0,1,0,0,0,0,0,0,0,1,3,1,4,1,1,-5.24594,39.78172008
6905,39,1,1,3,1,2,1,0,1,0,0,0,0,0,0,0,0,0,1,3,2,-1,1,4,-1.59156597,30.90043815
6906,40,2,1,1,2,2,1,0,1,0,0,0,0,0,0,0,0,0,2,-1,2,-1,4,4,-10.994841599999999,39.4318719
6907,26,2,1,7,4,2,1,1,1,0,0,0,0,0,0,0,0,0,1,3,1,2,1,1,-2.37911655,33.57972897
6908,28,2,1,2,3,2,2,0,0,0,0,0,0,0,0,1,0,0,2,-1,2,-1,4,4,-2.12297937,33.05917498
6909,30,2,2,3,3,1,2,0,0,0,1,0,0,0,0,0,0,0,1,5,1,3,1,4,-2.5528598999999996,33.07291125
6910,42,2,1,3,3,2,2,0,0,0,1,0,0,0,1,0,0,0,2,-1,1,3,4,4,-3.34399174,37.58193001
6911,27,1,1,2,4,2,1,0,1,0,0,0,0,0,0,0,0,0,1,5,2,-1,1,4,-3.35103998,36.70638046
6912,43,1,1,3,4,1,1,0,1,0,1,0,0,0,0,0,0,0,2,-1,2,-1,4,4,-3.40041052,37.35531555
6913,37,1,1,3,3,2,1,0,1,0,1,0,0,0,0,0,0,0,1,3,2,-1,1,4,-10.83496159,34.88266629
6914,24,1,4,3,1,1,1,0,0,0,1,0,0,0,0,0,0,0,2,-1,2,-1,1,4,-6.67980512,39.20534787
6915,22,1,4,3,3,2,1,0,1,0,1,0,0,0,0,0,0,0,1,4,1,3,1,4,-10.17023174,39.86026225
6916,91,2,3,1,1,2,2,0,0,0,0,0,0,0,0,1,0,0,2,-1,2,-1,4,4,-1.97356992,32.91412822
6917,52,2,2,3,3,2,1,0,1,0,0,0,0,0,0,0,0,0,2,-1,1,3,1,4,-9.30553363,33.62549195
6918,37,1,1,3,1,2,1,0,1,0,0,0,0,0,0,0,0,0,2,-1,1,5,1,4,-9.33571859,34.76723184
6919,41,1,1,3,5,1,1,0,1,0,0,0,0,0,0,0,0,0,1,5,1,3,1,4,-9.17544254,32.86375663
6920,19,2,1,3,4,2,1,0,0,0,0,0,0,0,0,1,0,0,2,-1,2,-1,1,4,-6.14165373,35.73279567
6921,23,2,1,3,1,2,1,0,1,0,0,0,0,0,0,0,0,0,1,4,1,1,1,4,-9.11130887,32.76850301
6922,36,2,1,1,5,2,1,0,0,0,0,0,0,0,0,0,1,0,1,2,1,1,4,4,-6.80717288,39.23168823
6923,45,1,1,3,5,2,1,0,1,0,1,0,0,0,0,0,0,0,1,5,2,-1,1,4,-4.82050068,32.86131693
6924,46,1,1,3,1,1,1,0,1,0,0,0,0,0,0,0,0,0,1,3,1,2,1,2,-7.32693106,35.54291932
6925,21,1,4,5,3,2,1,0,1,0,0,0,0,0,0,0,0,0,2,-1,1,3,1,1,-4.95680526,39.78677926
6926,30,1,1,3,1,2,1,0,0,0,1,0,0,0,0,0,0,0,1,3,1,3,1,4,-4.986666099999999,39.08505497
6927,37,2,1,6,1,2,1,0,1,0,0,0,0,0,0,0,0,0,1,3,1,3,1,1,-7.75297006,35.482496999999995
6928,21,2,4,3,3,2,1,0,0,0,1,0,0,0,0,0,0,0,1,2,2,-1,1,1,-6.83593126,39.24926788
6929,95,1,1,2,2,2,2,0,1,0,0,0,0,0,0,0,0,0,2,-1,1,4,1,4,-4.5709838,33.03845508
6930,18,1,4,3,1,2,2,1,1,0,1,0,0,0,0,1,0,0,2,-1,1,5,1,3,-2.54133804,32.91140701
6931,60,1,1,3,1,2,1,0,1,0,0,0,0,0,0,0,0,0,2,-1,2,-1,4,4,-9.11268015,32.76965787
6932,40,2,1,3,4,2,1,1,0,0,1,0,0,0,0,0,0,0,2,-1,1,2,2,4,-7.97723973,31.62922964
6933,42,2,1,3,2,2,1,0,0,0,0,0,0,0,0,0,1,0,2,-1,2,-1,1,4,-9.15067676,33.50041353
6934,48,2,1,1,3,1,1,0,1,0,0,0,0,0,0,0,0,0,2,-1,2,-1,4,4,-8.15329032,34.86576771
6935,40,1,2,3,1,2,2,0,0,0,1,0,0,0,0,0,0,0,2,-1,2,-1,1,4,-10.98978984,35.63059381
6936,32,1,1,3,5,2,1,0,0,0,1,0,0,0,0,0,0,0,1,4,2,-1,1,4,-10.93588298,34.99693067
6937,37,1,1,2,1,2,1,0,1,0,0,0,0,0,0,0,0,0,2,-1,2,-1,4,4,-2.12292112,33.06134849
6938,59,2,1,2,1,2,2,0,1,1,0,0,0,0,0,0,0,0,2,-1,2,-1,1,4,-10.75730276,38.53203143
6939,24,2,1,1,4,2,1,0,0,1,0,0,0,0,0,1,0,0,1,2,2,-1,4,4,-2.62049228,31.83637539
6940,34,1,1,6,1,2,1,0,1,0,0,0,0,0,0,0,0,0,1,5,1,6,1,1,-3.00164026,31.94947033
6941,45,2,1,3,3,2,2,0,1,0,0,0,0,0,0,0,0,0,2,-1,2,-1,1,4,-10.55901642,36.23556899
6942,35,2,1,3,2,2,1,0,1,0,0,0,0,0,0,1,0,0,2,-1,1,2,1,1,-3.26022842,37.61376292
6943,35,2,1,3,1,2,1,0,1,0,0,0,0,0,0,0,0,0,2,-1,1,6,1,1,-9.18704539,33.82309717
6944,30,2,1,2,3,2,1,0,0,0,0,0,0,0,0,1,0,0,2,-1,2,-1,1,1,-6.19865543,39.25454713
6945,27,1,1,3,5,1,2,0,1,0,1,0,0,0,0,0,0,0,1,6,1,6,2,4,-2.76722369,32.11598747
6946,53,2,1,3,1,2,1,0,0,0,1,0,0,0,0,0,0,0,2,-1,2,-1,1,1,-7.78028669,35.67369128
6947,37,1,1,3,5,1,1,0,1,1,0,0,0,0,0,0,0,0,1,4,2,-1,1,4,-9.23721337,34.89166425
6948,35,2,1,1,3,2,2,0,1,0,1,0,0,0,0,0,0,0,2,-1,2,-1,4,4,-5.01691384,32.81028333
6949,60,2,3,3,1,1,1,0,1,0,0,0,0,0,0,0,0,0,2,-1,1,2,1,4,-3.26383691,37.61398024
6950,35,2,1,5,3,1,1,0,1,0,0,0,0,0,0,0,0,0,2,-1,2,-1,1,1,-6.13885165,39.24062987
6951,34,2,2,3,5,2,2,0,0,1,0,0,0,0,0,0,0,0,2,-1,2,-1,1,4,-3.28307164,32.877268
6952,21,2,4,3,5,1,1,0,1,0,0,0,0,0,0,0,0,0,2,-1,1,2,1,4,-10.28112624,40.19057671
6953,27,2,1,3,1,1,2,0,1,0,0,0,0,0,0,0,0,0,2,-1,2,-1,1,4,-10.41518552,38.80630132
6954,40,2,2,1,2,2,1,0,0,0,0,0,0,0,0,0,1,0,2,-1,2,-1,4,4,-8.80348166,34.22388187
6955,59,2,3,1,1,2,2,0,1,0,1,0,0,0,0,1,0,0,2,-1,2,-1,4,4,-1.8468269,31.53518098
6956,58,2,2,1,5,2,2,0,1,0,1,0,0,0,0,0,0,0,2,-1,2,-1,4,4,-10.71533747,39.99408138
6957,42,1,1,1,1,2,1,0,1,0,1,0,0,0,0,0,0,0,1,3,1,5,4,4,-6.66176059,37.13621131
6958,51,2,1,1,2,2,2,0,1,0,0,0,0,0,0,0,0,0,2,-1,2,-1,4,4,-3.49758476,36.82087378
6959,40,2,1,3,1,1,1,0,1,0,1,0,0,0,0,0,0,0,1,5,2,-1,1,4,-2.378307,33.58018244
6960,45,2,1,2,3,1,2,0,1,0,0,0,0,0,0,0,0,0,2,-1,2,-1,4,4,-9.05741141,33.28771239
6961,43,2,2,3,1,2,1,0,1,0,0,0,0,0,0,0,0,0,1,3,1,6,1,4,-7.93312368,35.62658866
6962,39,1,1,2,1,2,1,0,1,0,0,0,0,0,0,0,0,0,2,-1,2,-1,4,4,-2.7630926,33.61501441
6963,80,2,3,1,1,2,1,0,1,0,0,0,0,0,0,0,0,0,2,-1,2,-1,4,4,-9.31221219,33.62074598
6964,52,2,1,1,2,2,1,0,0,0,1,0,0,0,0,0,0,0,1,4,2,-1,4,4,-3.37095521,36.66437806
6965,29,1,1,3,1,1,2,0,1,0,0,0,0,0,0,0,0,0,2,-1,2,-1,1,4,-6.75237925,30.41212147
6966,21,1,4,5,5,2,1,1,0,0,0,0,0,0,0,0,0,0,1,1,1,1,1,1,-4.83372029,34.75216843
6967,57,2,1,1,3,2,2,0,1,0,1,0,0,0,0,1,0,0,2,-1,2,-1,4,4,-8.93843217,33.18216721
6968,51,2,1,3,3,2,1,0,1,0,0,0,0,0,0,0,0,0,1,6,2,-1,4,4,-5.50996391,32.51044915
6969,45,1,1,3,4,1,1,0,1,0,0,0,0,0,0,0,0,0,1,4,1,3,1,1,-3.15523412,33.66225328
6970,25,2,1,3,3,2,1,0,0,0,0,0,0,0,0,0,1,0,2,-1,1,4,1,5,-6.221587599999999,39.23431913
6971,17,2,4,5,1,2,2,0,0,0,1,0,0,0,0,1,0,0,2,-1,2,-1,1,2,-6.18066045,39.2366741
6972,73,1,1,3,3,2,2,0,1,0,0,0,0,0,0,0,0,0,2,-1,2,-1,1,4,-5.08873679,31.84674574
6973,16,2,4,2,3,2,1,0,0,0,0,0,0,0,0,0,1,0,2,-1,2,-1,4,4,-5.59200309,38.25494099
6974,35,2,1,1,2,2,2,0,1,0,0,0,0,0,0,1,0,0,2,-1,2,-1,4,4,-3.37453286,35.85390892
6975,56,2,3,3,1,2,1,0,1,0,0,0,0,0,0,0,0,0,2,-1,1,3,1,5,-8.58429536,35.20749765
6976,23,1,1,6,5,2,1,0,0,0,1,0,0,0,0,0,0,0,1,3,1,4,1,1,-3.37107857,37.34001028
6977,42,1,1,7,5,2,1,1,0,0,0,0,0,0,0,0,0,0,2,-1,1,5,1,1,-6.8134258,39.273117
6978,30,2,2,2,2,2,2,0,1,0,1,0,0,0,0,1,0,0,2,-1,2,-1,5,5,-5.55312195,37.33959747
6979,30,1,1,1,2,2,1,0,1,0,0,0,0,0,0,0,0,0,2,-1,1,3,4,4,-6.08036466,36.64558273
6980,56,2,1,1,3,2,1,0,1,0,0,0,0,0,0,0,0,0,2,-1,2,-1,4,4,-3.64976267,32.23265965
6981,30,1,1,6,4,2,1,1,1,0,0,0,0,0,0,0,0,0,1,4,2,-1,1,1,-10.2799322,40.190816399999996
6982,32,2,1,3,1,1,1,0,1,0,0,0,0,0,0,0,0,0,2,-1,2,-1,1,4,-4.3081646,35.63283865
6983,65,2,3,2,1,2,1,0,0,0,0,1,0,0,1,0,0,0,2,-1,2,-1,5,5,-6.79391167,39.23177827
6984,54,2,1,6,1,2,1,0,0,0,0,0,0,0,0,1,0,0,2,-1,2,-1,1,4,-6.17422204,39.2127002
6985,34,2,1,7,3,2,1,0,0,0,1,0,0,0,0,0,0,0,1,3,1,3,1,1,-6.97085711,39.09364875
6986,30,1,1,6,1,2,1,0,0,0,1,0,0,0,0,0,0,0,2,-1,2,-1,1,1,-6.32355652,39.54799596
6987,44,1,1,3,1,2,2,0,1,0,0,0,0,0,0,0,0,0,2,-1,2,-1,1,2,-6.24825019,30.9691752
6988,44,1,1,7,5,1,1,1,0,0,0,0,0,0,0,0,0,0,1,3,2,-1,1,1,-3.40203621,37.35805701
6989,17,1,4,5,3,2,1,0,1,0,1,0,0,0,0,0,0,0,1,3,1,2,1,4,-10.7351141,34.74404464
6990,49,2,2,2,1,2,1,0,1,0,0,0,0,0,0,0,0,0,2,-1,1,4,4,4,-3.26649418,37.61560554
6991,32,1,1,3,1,2,1,0,1,0,0,0,0,0,0,0,0,0,1,3,1,1,1,1,-6.95770505,39.33355701
6992,37,1,1,6,1,2,2,0,0,0,1,0,0,0,0,0,0,0,2,-1,2,-1,1,1,-2.19825581,31.44749932
6993,29,2,2,3,5,1,2,0,0,0,1,0,0,0,0,0,0,0,2,-1,2,-1,1,4,-10.91814791,38.00279448
6994,26,2,2,2,3,2,1,0,1,0,0,0,0,0,0,0,0,0,2,-1,1,3,1,1,-10.73225537,39.51228971
6995,16,1,4,2,1,2,2,0,0,0,1,0,0,0,0,0,0,0,2,-1,1,4,1,2,-7.3702299,30.6249154
6996,36,1,1,6,1,2,1,0,0,0,1,0,0,0,0,0,0,0,1,3,2,-1,1,1,-1.32375442,31.81884413
6997,27,2,1,3,4,1,1,1,0,0,0,0,0,0,0,0,0,0,1,2,2,-1,1,4,-6.81185415,39.24502595
6998,30,1,4,1,3,2,1,0,0,0,1,0,0,0,0,0,0,0,1,1,1,2,2,4,-2.55729271,36.78172257
6999,20,2,4,6,3,2,1,0,0,0,0,0,0,0,0,0,1,0,1,6,1,6,1,1,-3.37911876,37.02044812
7000,46,1,1,3,1,2,1,0,1,0,0,0,0,0,0,0,0,0,2,-1,1,4,1,4,-6.17529942,31.21744167
7001,38,1,1,3,4,2,2,0,0,1,0,0,0,0,0,0,0,0,2,-1,2,-1,1,1,-10.660069300000002,35.65625615
7002,30,2,1,3,3,2,1,0,1,0,0,0,0,0,0,0,0,0,1,3,2,-1,1,4,-10.17927495,38.94576742
7003,34,2,3,2,1,2,1,1,1,0,0,0,0,0,0,0,0,0,2,-1,2,-1,1,4,-3.42117561,34.08318115
7004,28,2,1,1,2,2,2,0,1,0,0,0,0,0,0,0,0,0,2,-1,2,-1,1,4,-5.11148745,31.04227012
7005,46,1,1,3,1,2,1,0,1,0,1,0,0,0,0,0,0,0,2,-1,2,-1,1,4,-3.03227145,33.93112924
7006,37,1,1,1,1,1,1,0,1,0,0,0,0,0,0,0,0,0,2,-1,2,-1,4,4,-10.95081678,39.02867669
7007,29,1,1,6,4,1,1,1,1,0,0,0,0,0,0,0,0,0,1,3,1,2,1,1,-8.95195803,33.24727494
7008,24,2,1,3,2,2,2,0,1,0,1,0,0,0,0,0,0,0,2,-1,2,-1,1,4,-3.63258097,33.397838199999995
7009,44,2,2,3,3,2,2,0,1,0,0,0,0,0,0,0,0,0,2,-1,2,-1,1,4,-2.4638214,32.38768503
7010,48,2,1,1,3,2,1,0,1,1,0,0,0,0,0,1,0,0,1,3,1,3,4,4,-6.81355173,39.11256956
7011,49,2,1,1,1,2,2,0,0,0,0,0,0,0,0,1,0,0,2,-1,2,-1,4,4,-5.02772547,39.81524889
7012,30,2,1,6,4,2,2,0,0,0,0,0,0,0,0,0,1,0,2,-1,2,-1,1,1,-6.64241933,38.35160822
7013,16,2,4,2,3,2,2,0,0,0,0,0,0,0,0,0,1,0,2,-1,2,-1,1,4,-4.01439513,33.36150988
7014,61,2,1,3,2,2,1,0,1,0,1,0,0,0,0,0,0,0,2,-1,1,1,1,4,-4.26959071,38.05014008
7015,54,2,1,1,3,2,1,0,1,0,0,0,0,0,0,0,0,0,2,-1,2,-1,4,4,-4.60722135,34.58543044
7016,53,1,1,3,5,2,1,0,1,0,1,0,0,0,0,0,0,0,1,3,1,4,1,2,-3.56625707,36.94249091
7017,23,1,4,6,4,2,1,1,0,0,0,0,0,0,0,0,0,0,1,2,1,3,1,1,-4.83372859,34.75323652
7018,40,2,3,3,1,2,2,0,1,0,0,0,0,0,0,0,0,0,2,-1,2,-1,1,4,-4.69049179,34.89986029999999
7019,20,2,4,5,1,1,2,0,1,0,0,0,0,0,0,0,0,0,2,-1,2,-1,1,1,-8.86879862,34.95343692
7020,37,1,1,1,1,1,2,0,0,0,1,0,0,0,0,0,0,0,2,-1,2,-1,4,4,-7.370882300000001,30.625892600000004
7021,48,1,1,3,1,1,1,0,1,0,0,0,0,0,0,0,0,0,2,-1,1,6,1,1,-10.68436507,39.59228408
7022,16,1,4,5,3,2,2,0,0,0,0,0,0,0,0,1,0,0,2,-1,2,-1,1,4,-5.10647282,30.57077036
7023,34,1,1,7,5,1,1,1,0,0,0,0,0,0,0,0,0,0,1,2,1,3,1,1,-9.77106293,39.60187673
7024,17,1,4,1,5,2,2,0,0,0,1,0,0,0,0,0,0,0,2,-1,2,-1,4,4,-3.53560581,32.41687242
7025,24,1,4,6,4,2,1,0,1,0,0,0,0,0,0,0,0,0,1,3,1,5,1,2,-4.83068581,34.755818299999994
7026,29,2,1,6,4,2,1,0,0,0,0,0,0,0,0,1,0,0,1,2,1,2,1,1,-6.81987512,39.23822369
7027,51,2,3,3,1,2,2,0,1,0,0,0,0,0,0,1,0,0,2,-1,1,3,1,1,-9.16464503,33.54195755
7028,46,2,2,2,1,2,1,0,1,0,1,0,0,0,0,0,0,0,1,4,2,-1,4,4,-10.72403143,39.99460934
7029,36,1,1,3,1,2,1,0,1,0,1,0,0,0,0,0,0,0,2,-1,2,-1,1,4,-9.11427815,32.77568524
7030,42,2,1,3,2,2,2,0,0,0,1,0,0,0,0,0,0,0,2,-1,2,-1,1,4,-11.12524313,35.17386841
7031,42,1,1,3,1,2,1,0,1,0,0,0,0,0,0,0,0,0,1,2,2,-1,1,2,-8.15220077,34.86856198
7032,18,1,4,3,3,2,2,0,0,0,1,0,0,0,0,0,0,0,2,-1,2,-1,1,4,-6.40201134,35.09443126
7033,25,1,1,2,1,2,1,0,1,0,0,0,0,0,0,0,0,0,2,-1,2,-1,1,4,-8.314517500000001,31.05466751
7034,23,1,1,5,1,1,1,0,1,0,1,0,0,0,0,0,0,0,2,-1,2,-1,1,1,-9.47956304,34.80863567
7035,44,2,3,3,3,2,1,0,0,0,1,0,0,0,0,0,0,0,2,-1,1,6,4,4,-3.19366457,32.79949442
7036,63,1,1,7,1,1,1,0,0,0,0,0,0,1,0,0,0,0,1,2,1,2,1,1,-5.08010186,39.12292989
7037,45,1,1,2,1,1,2,0,1,0,0,0,0,0,0,0,0,0,2,-1,2,-1,1,4,-4.8818605,34.62936415
7038,34,2,1,3,3,2,2,0,1,0,0,0,0,0,0,0,0,0,2,-1,2,-1,1,4,-2.93096069,33.37369749
7039,20,1,4,3,5,2,1,0,0,1,0,0,0,0,0,0,0,0,1,4,1,4,1,4,-7.91739844,39.66439193
7040,53,2,1,3,1,2,2,0,1,0,0,0,0,0,0,0,0,0,2,-1,2,-1,1,4,-2.47892388,32.2051364
7041,24,2,2,1,3,2,2,0,0,0,0,0,0,0,0,1,0,0,2,-1,2,-1,2,4,-9.40448617,39.59933676
7042,18,1,4,3,3,2,2,0,0,0,1,0,0,0,0,0,0,0,2,-1,2,-1,1,4,-4.13968684,33.460493
7043,31,1,1,3,1,2,1,0,1,0,1,0,0,0,0,0,0,0,1,6,1,4,1,4,-4.44411923,34.87449077
7044,59,1,1,6,4,1,1,1,0,0,0,0,0,0,0,1,0,0,2,-1,2,-1,1,2,-4.3562805,34.43475501
7045,23,2,1,1,4,2,2,0,0,0,1,0,0,0,0,0,0,0,2,-1,2,-1,4,4,-2.66427124,33.94089520000001
7046,16,1,4,2,3,2,2,0,0,0,1,0,0,0,0,0,0,0,2,-1,2,-1,1,1,-5.17870646,39.79413673
7047,18,2,1,1,1,2,2,0,0,0,1,0,0,0,0,0,0,0,2,-1,2,-1,4,4,-1.44940485,34.59845855
7048,53,2,1,2,3,2,2,0,1,0,1,0,0,0,0,0,0,0,2,-1,2,-1,1,4,-4.88905747,29.74080197
7049,49,1,1,3,1,1,1,0,0,0,1,0,0,0,0,0,0,0,1,3,1,3,1,4,-9.23755377,34.89195844
7050,29,1,1,3,1,1,1,0,1,0,0,0,0,0,0,0,0,0,1,3,2,-1,1,5,-2.56602157,32.9558717
7051,24,2,1,7,5,2,1,0,0,0,0,0,0,0,0,1,0,0,1,3,2,-1,1,1,-6.8156489,39.27305689999999
7052,50,2,1,2,1,2,2,0,1,0,0,0,0,0,0,0,0,0,2,-1,2,-1,4,4,-5.81682503,34.42256551
7053,24,2,1,1,3,2,2,0,0,0,1,0,0,0,0,0,0,0,2,-1,2,-1,4,4,-2.7790805,33.79573505
7054,39,2,1,3,2,2,1,0,1,0,1,0,0,0,0,1,0,0,2,-1,2,-1,4,4,-3.1715697,34.38104327
7055,45,1,1,3,5,2,1,0,1,0,1,0,0,0,0,0,0,0,1,5,1,5,1,2,-3.80910955,33.301632899999994
7056,83,2,3,1,1,2,2,0,1,0,0,0,0,0,0,0,0,0,2,-1,1,4,4,4,-4.61373905,29.78040369
7057,16,2,4,5,3,2,2,0,0,0,0,0,0,0,0,1,0,0,2,-1,2,-1,1,4,-1.73417871,33.9749727
7058,32,1,1,3,3,2,1,0,1,0,0,0,0,0,0,0,0,0,1,5,1,4,1,4,-4.61917117,34.94359448
7059,35,2,1,6,3,2,2,0,0,0,0,0,0,0,0,0,1,0,1,4,1,2,1,4,-6.86000796,39.24881322
7060,22,1,4,6,5,2,1,0,0,0,0,0,0,0,0,0,1,0,2,-1,2,-1,1,1,-2.49070105,32.91195183
7061,35,2,2,3,1,2,1,0,0,0,1,0,0,0,0,0,0,0,1,3,2,-1,1,2,-7.52669049,39.29447436
7062,40,2,3,3,1,2,1,0,1,0,1,0,0,0,0,0,0,0,2,-1,2,-1,1,4,-10.09824247,34.68734945
7063,35,1,1,3,5,2,1,0,1,0,0,0,0,0,0,0,0,0,2,-1,1,3,2,4,-2.85082756,32.883964299999995
7064,23,1,1,5,5,2,1,0,1,0,1,0,0,0,0,0,0,0,2,-1,1,1,1,1,-1.43604849,34.59043186
7065,21,1,4,3,3,2,1,0,1,0,0,0,0,0,0,0,0,0,2,-1,2,-1,1,4,-5.71702471,38.23596199
7066,60,1,1,2,3,1,1,0,1,0,1,0,0,0,0,0,0,0,2,-1,2,-1,1,1,-3.3965057,37.54806204
7067,21,2,1,3,5,2,1,0,0,0,1,0,0,0,0,0,0,0,2,-1,2,-1,1,4,-4.90987901,29.66168841
7068,29,1,4,3,5,1,1,0,0,0,0,0,0,0,0,1,0,1,1,4,1,3,1,1,-3.35681511,36.68242208
7069,38,2,1,2,3,2,2,0,1,0,1,0,0,0,0,0,0,0,2,-1,2,-1,4,4,-6.17889976,34.83859369
7070,31,2,2,2,5,2,2,0,1,0,1,0,0,0,0,0,0,0,2,-1,2,-1,2,4,-4.20021732,34.8222348
7071,26,1,1,7,5,2,1,0,0,0,1,0,0,0,0,0,0,0,2,-1,2,-1,1,1,-9.33447619,34.76710851
7072,17,1,4,6,3,2,1,0,0,0,1,0,0,0,0,0,0,0,2,-1,2,-1,1,1,-10.55171193,39.78764132
7073,42,2,1,1,1,2,2,0,1,0,1,0,0,0,0,0,0,0,2,-1,2,-1,4,4,-3.5313863,32.06027732
7074,34,2,1,2,1,2,2,0,1,0,0,0,0,0,0,0,0,0,2,-1,2,-1,1,4,-7.59787676,36.99536065
7075,45,2,1,3,1,2,2,0,1,0,0,0,0,0,0,0,0,0,2,-1,2,-1,1,4,-7.51683773,39.22442965
7076,38,1,4,7,5,1,1,1,0,0,0,0,0,0,0,0,0,0,1,3,1,3,1,1,-3.19635043,34.41455787
7077,45,2,2,3,5,2,1,0,1,0,1,0,0,0,0,0,0,0,2,-1,1,3,1,4,-5.13480017,34.77134776
7078,26,1,4,6,5,2,1,0,1,0,1,0,0,0,0,0,0,0,1,4,2,-1,1,1,-9.36272754,34.78320196
7079,28,2,1,3,2,2,1,0,0,0,0,0,0,0,0,1,0,0,2,-1,2,-1,1,1,-3.3909904,36.76347128
7080,29,2,2,7,3,1,1,1,1,0,0,0,0,0,0,0,0,0,1,1,1,2,1,1,-3.33375835,36.63905478
7081,34,2,1,1,2,2,2,0,1,0,0,0,0,0,0,0,0,0,2,-1,2,-1,4,4,-10.7934005,38.319854299999996
7082,33,1,1,2,4,2,2,0,0,1,0,0,0,0,0,0,0,0,2,-1,1,4,1,4,-9.91071274,38.99440668
7083,47,1,3,3,1,1,1,0,1,0,0,0,0,0,0,0,0,0,1,3,1,1,1,2,-3.10180052,37.592552600000005
7084,41,2,4,3,3,2,1,0,1,0,0,0,0,0,0,0,0,0,1,5,1,3,1,2,-6.82306352,39.3109091
7085,36,2,2,3,5,2,1,0,1,0,1,0,0,0,0,0,0,0,2,-1,1,3,1,1,-10.36974101,38.75922454
7086,24,1,1,3,4,2,1,0,1,0,0,0,0,0,0,0,0,0,2,-1,1,2,1,1,-6.61681979,39.0963982
7087,25,1,1,4,1,2,1,0,1,0,1,0,0,0,0,0,0,0,1,2,1,3,1,1,-1.3290401,31.80841983
7088,65,1,1,3,3,1,1,0,1,0,0,0,0,0,0,0,0,0,2,-1,2,-1,1,4,-3.03177746,33.26351338
7089,57,2,3,3,1,2,2,0,1,0,0,0,0,0,0,1,0,0,2,-1,2,-1,1,4,-5.81133533,35.09810295
7090,32,1,1,6,3,1,1,0,1,0,0,0,0,0,0,0,0,0,1,3,1,1,1,1,-2.63515585,32.94542333
7091,22,2,3,3,3,2,2,0,1,0,1,0,0,0,0,0,0,0,2,-1,2,-1,4,4,-8.30372947,31.05964247
7092,28,2,1,3,1,2,2,0,1,0,1,0,0,0,0,0,0,0,2,-1,2,-1,1,4,-8.09071174,35.83656046
7093,78,1,3,1,1,2,2,0,0,0,1,0,0,0,0,0,0,0,2,-1,2,-1,4,4,-5.19220387,38.76452312
